PID|PERSON_NAME
1|Gage Hensley
2|Fulton Terrell
3|Dane Byers
4|Levi Mason
5|Dennis Mcintyre
6|Abdul Hanson
7|Simon Cummings
8|Hammett Mullen
9|Hasad Fuentes
10|Dante Wilder
11|Simon Parks
12|Matthew Harrington
13|Yardley Flores
14|Zahir Hatfield
15|Mannix Snyder
16|Fletcher Cohen
17|Herman Cameron
18|Nash Donaldson
19|Colorado Bean
20|Duncan Stokes
21|Lev Edwards
22|Nathan Tanner
23|Channing Quinn
24|Xavier Mercer
25|Abbot Logan
26|Demetrius Graham
27|August Phelps
28|Ryan Schmidt
29|Lionel Chavez
30|Caldwell Mccullough
31|Cody Wyatt
32|Owen Ross
33|Ferdinand Hodge
34|Beck Wiggins
35|Amos Holland
36|Nash Mckenzie
37|Harding Ballard
38|Henry Gould
39|Dean Townsend
40|Perry Bray
41|Quentin Blevins
42|Drake Knight
43|Brent Watts
44|Brennan Guerrero
45|Xanthus Prince
46|Thaddeus Mcknight
47|Marsden Robbins
48|Leonard Mooney
49|Luke Best
50|Kadeem Ewing
51|Ignatius Alvarado
52|Jacob Campos
53|Aladdin Howell
54|Herman Stewart
55|Nero Vance
56|Ezra Owen
57|Fulton Valdez
58|Alan Oconnor
59|Thor Serrano
60|Fitzgerald Monroe
61|Merrill Reynolds
62|Warren Cameron
63|Hayes Collins
64|Darius Brennan
65|Bevis Drake
66|Martin Bowen
67|Gil Alvarez
68|Baxter Abbott
69|Reuben Reyes
70|Roth Singleton
71|Amos Cochran
72|Quinn Marsh
73|Timothy Mcleod
74|Jelani Leon
75|Cyrus Serrano
76|Dale Jacobson
77|Burton Stone
78|Travis Lara
79|Bruce Solis
80|Joshua Oneal
81|Oleg Stevenson
82|Perry Foster
83|Anthony Bird
84|Hashim Finley
85|Vladimir Woodward
86|Brent Gibbs
87|Walker Conley
88|Myles Berg
89|Leonard Mack
90|Giacomo Everett
91|Cade Yang
92|Leonard Graves
93|Dolan Newton
94|Tiger Weiss
95|Thor Boyer
96|Richard Allison
97|Lewis Joseph
98|Odysseus Weiss
99|Kuame Howe
100|Malcolm Ingram
